-- phpMyAdmin SQL Dump
-- version 4.2.7.1
-- http://www.phpmyadmin.net
--
-- Host: 127.0.0.1
-- Generation Time: Jul 19, 2015 at 05:28 PM
-- Server version: 5.6.20
-- PHP Version: 5.5.15

SET SQL_MODE = "NO_AUTO_VALUE_ON_ZERO";
SET time_zone = "+00:00";


/*!40101 SET @OLD_CHARACTER_SET_CLIENT=@@CHARACTER_SET_CLIENT */;
/*!40101 SET @OLD_CHARACTER_SET_RESULTS=@@CHARACTER_SET_RESULTS */;
/*!40101 SET @OLD_COLLATION_CONNECTION=@@COLLATION_CONNECTION */;
/*!40101 SET NAMES utf8 */;

--
-- Database: `zworld`
--

-- --------------------------------------------------------

--
-- Table structure for table `comments`
--

CREATE TABLE IF NOT EXISTS `comments` (
`comment_id` int(11) NOT NULL,
  `route_id` int(11) NOT NULL,
  `description` varchar(255) NOT NULL,
  `tmstmp` varchar(120) NOT NULL,
  `user_id` int(11) NOT NULL
) ENGINE=InnoDB  DEFAULT CHARSET=utf8 AUTO_INCREMENT=11 ;

--
-- Dumping data for table `comments`
--

INSERT INTO `comments` (`comment_id`, `route_id`, `description`, `tmstmp`, `user_id`) VALUES
(2, 6, 'fff', '19/07/2015', 2),
(3, 6, 'dsfdsfd', '19/07/2015', 2),
(4, 6, 'ggjjjhgjh', '19/07/2015', 2),
(5, 6, 'ggjjjhgjh', '19/07/2015', 2),
(6, 6, 'sdfssdfdf', '19/07/2015', 2),
(7, 6, 'sdfssdfdf', '19/07/2015', 2),
(9, 6, 'sdfdsf', '19/07/2015', 2),
(10, 13, 'Î Î¿Î»Ï ÏÏÎ±Î¯Î± Î´Î¹Î±Î´ÏÎ¿Î¼Î®', '19/07/2015', 2);

-- --------------------------------------------------------

--
-- Table structure for table `comments_votes`
--

CREATE TABLE IF NOT EXISTS `comments_votes` (
`comment_vote_id` int(11) NOT NULL,
  `comment_id` int(11) NOT NULL,
  `vote_status` int(11) NOT NULL,
  `user_id` int(11) NOT NULL
) ENGINE=InnoDB DEFAULT CHARSET=latin1 AUTO_INCREMENT=1 ;

-- --------------------------------------------------------

--
-- Table structure for table `region`
--

CREATE TABLE IF NOT EXISTS `region` (
`region_id` int(11) NOT NULL,
  `name` varchar(120) NOT NULL,
  `bounds` polygon NOT NULL,
  `center` point NOT NULL
) ENGINE=InnoDB  DEFAULT CHARSET=utf8 AUTO_INCREMENT=266 ;

--
-- Dumping data for table `region`
--

INSERT INTO `region` (`region_id`, `name`, `bounds`, `center`) VALUES
(1, 'Athina', '\0\0\0\0\0\0\0\0\0\0\0\0\0:qAB@7@ssAB@"/7@~&,B@k77@CPB@Li7@Wf͵B@h7@}~\nҴB@fP7@"B@sȉ7@:qAB@7@', '\0\0\0\0\0\0\0TB@,z7@'),
(2, 'Athina', '\0\0\0\0\0\0\0\0\0\0\0\0\0,B@''7@`B@|"7@|4)aB@TC#7@qB@=3q7@َ''B@1el7@,B@''7@', '\0\0\0\0\0\0\0CbB@O7@'),
(3, 'Athina', '\0\0\0\0\0\0\0\0\0\0\0\0\0SC@mh7@9IC@"h	7@8sC@{Y(7@8.)\0\0C@7@uB@>M\n7@t4l\0C@ZL;7@}=Ιu\0C@0ǡ7@SC@mh7@', '\0\0\0\0\0\0\0|yB@n7@'),
(4, 'Egaleo', '\0\0\0\0\0\0\0\0\0\0\0\0\0\027B@j7@K8lqB@ d\ZN7@܌B@7@HfB@dϱ7@!B@c07@9IB@rƦ7@c6B@*.m7@\027B@j7@', '\0\0\0\0\0\0\0oaB@҆Ұ7@'),
(5, 'Peristeri', '\0\0\0\0\0\0\0\0\0\0\0\0\0W"qk\0C@zG*7@hZB@SG7@(B@}}l7@W"qk\0C@zG*7@', '\0\0\0\0\0\0\0%r\0C@*Ŏơ7@'),
(6, 'Athina', '\0\0\0\0\0\0\0\0\0\0\0\0\0phNC@>\\鈽7@\r1gC@s|j7@|}C@H7@C@Wy7@>6gC@R17@phNC@>\\鈽7@', '\0\0\0\0\0\0\0|''fC@%ƾ7@'),
(7, 'Peristeri', '\0\0\0\0\0\0\0\0\0\0	\0\0\0vK\0C@jai7@\nz\0C@掔7@4\nC@L9B7@%RC@(y7@ӥC@xb7@C@pˮ7@C\n1C@/\r7@_ u\0C@7@vK\0C@jai7@', '\0\0\0\0\0\0\0nē\0C@+f7@'),
(8, 'Imittos', '\0\0\0\0\0\0\0\0\0\0\0\0\0N(B@xN7@9UB@6AUտ7@sŤB@5X7@xB@1ƽ7@N(B@xN7@', '\0\0\0\0\0\0\02}B@^7@'),
(9, 'Neo Psichiko', '\0\0\0\0\0\0\0\0\0\0	\0\0\0B@.%7@jtB@6qir7@pB@:;x7@YB@o7@\0C@w$7@dL\0C@ 47@oSqB@.7@C^AB@;ƫ7@B@.%7@', '\0\0\0\0\0\0\0\niA''\0C@x#7@'),
(10, 'Kesariani', '\0\0\0\0\0\0\0\0\0\0\0\0\0l)B@j	8)7@0ZB@#\nǚ7@"dB@C:g7@J=wB@7@z8nB@h^F7@l)B@j	8)7@', '\0\0\0\0\0\0\0ݲCB@\\77@'),
(11, 'Tavros', '\0\0\0\0\0\0\0\0\0\0\n\0\0\0SB@-l9ǯ7@^0XbB@5ۮ7@m[EB@e%7@P/B@7@ D>B@&%1в7@]''B@M}7@vB@6qѲ7@9IB@rƦ7@c6B@*.m7@SB@-l9ǯ7@', '\0\0\0\0\0\0\0$B@7Z7@'),
(12, 'Peristeri', '\0\0\0\0\0\0\0\0\0\0\0\0\0K8lqB@ d\ZN7@\0C@H(yn7@vK\0C@jai7@\nz\0C@掔7@܌B@7@K8lqB@ d\ZN7@', '\0\0\0\0\0\0\0֪]\0C@*g\\7@'),
(13, 'Glifada', '\0\0\0\0\0\0\0\0\0\0\0\0\05Z\\B@jA47@#B@دur7@][wB@E!7@,=B@/YUj7@5Z\\B@jA47@', '\0\0\0\0\0\0\0o(|B@\niA''7@'),
(14, 'Kallithea', '\0\0\0\0\0\0\0\0\0\0\0\0\0*74B@1R7@)VB@A;7@ϸȳB@\n57@B@mXx7@''hB@w2>7@-掗B@Ğpg7@*74B@1R7@', '\0\0\0\0\0\0\0w#B@!7@'),
(15, 'Athina', '\0\0\0\0\0\0\0\0\0\0\0\0\0B۶;B@W7@bB@:7@|WmB@\Z`7@lB@Ti4a7@XB@=7@>GB@>{7@OB@7@B۶;B@W7@', '\0\0\0\0\0\0\0zܷB@s}7@'),
(16, 'Athina', '\0\0\0\0\0\0\0\0\0\0\0\0\06vyB@f"Ԥ7@NB@݁b7@j&CB@&Nʳ7@,B@뺳7@z2>B@4,7@)B@bf7@6vyB@f"Ԥ7@', '\0\0\0\0\0\0\0DUB@yTߵ7@'),
(17, 'Athina', '\0\0\0\0\0\0\0\0\0\0\0\0\0ZbB@u77@w+B@0a7@d3hB@=7@31B@iU7@ZbB@u77@', '\0\0\0\0\0\0\0w-!B@>;ຶ7@'),
(18, 'Egaleo', '\0\0\0\0\0\0\0\0\0\0\0\0\0rlB@1d7@iԅ%B@TMۂϬ7@B@~,ڪ7@нB@Ī7@UN^YB@g)7@ۍ]B@F67@rlB@1d7@', '\0\0\0\0\0\0\0^"B@$6D7@'),
(19, 'Egaleo', '\0\0\0\0\0\0\0\0\0\0\0\0\08NqB@K~][7@UN^YB@g)7@нB@Ī7@<bB@-,7@ɂB@ի7@s(yxB@9[H7@8NqB@K~][7@', '\0\0\0\0\0\0\0wӂB@Gҿ$7@'),
(20, 'Athina', '\0\0\0\0\0\0\0\0\0\0\0\0\0>B@7@ڈHiB@|\07@6B@MJ7@t4l\0C@ZL;7@uB@>M\n7@bB@:7@B۶;B@W7@>B@7@', '\0\0\0\0\0\0\0D[B@A.q7@'),
(21, 'Nea Smirni', '\0\0\0\0\0\0\0\0\0\0\0\0\02FqB@:7@,B@`%7@~3jB@L5p7@\rB@wK7@6B@ao7@''hB@w2>7@-掗B@Ğpg7@2FqB@:7@', '\0\0\0\0\0\0\0\\B@%<7@'),
(22, 'Athina', '\0\0\0\0\0\0\0\0\0\0\0\0\0JuMB@{ݹ7@B@>Z7@Wf͵B@h7@CPB@Li7@JuMB@{ݹ7@', '\0\0\0\0\0\0\0I(}!B@ܴ7@'),
(23, 'Ag. Ioannis Rentis', '\0\0\0\0\0\0\0\0\0\0\0\0\0SB@>7@]ZmB@xX7@P/B@7@m[EB@e%7@(cB@ϓ7@}B@x3r7@3B@@s7@SB@>7@', '\0\0\0\0\0\0\0%䃞B@sV{د7@'),
(24, 'Athina', '\0\0\0\0\0\0\0\0\0\0\0\0\0M\\_B@|Y[7@m3pB@na%G7@X[B@7/\\\\7@j\Z9B@g7@4McB@!yдо7@>B@%/wݽ7@M\\_B@|Y[7@', '\0\0\0\0\0\0\0aB@o''7@'),
(25, 'Kallithea', '\0\0\0\0\0\0\0\0\0\0\0\0\0ms\ZB@\0\0{7@BIB@£׷7@e+}\Z/B@$hm7@kB@G7@=RB@X#7@!FB@wܶ7@ms\ZB@\0\0{7@', '\0\0\0\0\0\0\0uB@Wc#7@'),
(26, 'Athina', '\0\0\0\0\0\0\0\0\0\0\0\0\0zYB@8b7@:qAB@7@"B@sȉ7@B@mٸ7@zYB@8b7@', '\0\0\0\0\0\0\0qjB@aM7@'),
(27, 'Chalandri', '\0\0\0\0\0\0\0\0\0\0\0\0\0tFC@[D.7@SJC@gdZ[7@gAC@;l5"7@]EC@t1"7@tFC@[D.7@', '\0\0\0\0\0\0\0	C@!F7@'),
(28, 'Athina', '\0\0\0\0\0\0\0\0\0\0\0\0\0}C@nP7@U`%C@cɻ7@D]OC@s7@v.C@O싾7@vv8C@Vn7@SC@HGZ7@}C@nP7@', '\0\0\0\0\0\0\0hC@"T7@'),
(29, 'Athina', '\0\0\0\0\0\0\0\0\0\0\0\0\07''B@kb7@VĻB@ؼ7@B@A7@Aa{B@]<J7@B@w@̿7@EA^B@4ٿ7@7''B@kb7@', '\0\0\0\0\0\0\0FB@K''7@'),
(30, 'Agii Anargiri', '\0\0\0\0\0\0\0\0\0\0\0\0\0Js=gC@;7@"GC@I2޸7@*H C@_lL7@lFC@B7@t^C@u޴7@Js=gC@;7@', '\0\0\0\0\0\0\0%C@oㆷ7@'),
(31, 'Zografou', '\0\0\0\0\0\0\0\0\0\0\0\0\0QmB@S*7@KMv B@GϴY7@9bB@37@-7B@~Vdn7@QmB@S*7@', '\0\0\0\0\0\0\0\nB@\\[%X7@'),
(32, 'Ag. Ioannis Rentis', '\0\0\0\0\0\0\0\0\0\0\0\0\0ۍ]B@F67@UN^YB@g)7@8NqB@K~][7@(cB@ϓ7@m[EB@e%7@^0XbB@5ۮ7@ۍ]B@F67@', '\0\0\0\0\0\0\0DB@97@'),
(33, 'Glifada', '\0\0\0\0\0\0\0\0\0\0\0\0\05Z\\B@jA47@tF}B@+`V7@-HB@CrW7@B@A@@7@#B@دur7@5Z\\B@jA47@', '\0\0\0\0\0\0\0+ B@U.T7@'),
(34, 'Athina', '\0\0\0\0\0\0\0\0\0\0	\0\0\0OB@7@>GB@>{7@,bB@צ7@P`hB@_$7@yB@7@B@w@̿7@EA^B@4ٿ7@5ěnB@LhD7@OB@7@', '\0\0\0\0\0\0\0WB@w7@'),
(35, 'Athina', '\0\0\0\0\0\0\0\0\0\0\0\0\0\0C@Iɳ7@ZM{B@{@7@X.kkB@Ӽ27@M@B@}7@.\\B@lZd\07@^s,B@%y\r7@\0C@Iɳ7@', '\0\0\0\0\0\0\0pB@?ܵ7@'),
(36, 'Egaleo', '\0\0\0\0\0\0\0\0\0\0\0\0\0tsB@Y=L7@`B@/n5C7@\nEB@\n7@/*B@G\nӴ7@B@~,ڪ7@iԅ%B@TMۂϬ7@tsB@Y=L7@', '\0\0\0\0\0\0\0UסB@cϞˬ7@'),
(37, 'Chalandri', '\0\0\0\0\0\0\0\0\0\0\0\0\0tFC@[D.7@윛C@F7@].JC@`D7@-rC@q7@SJC@gdZ[7@tFC@[D.7@', '\0\0\0\0\0\0\0:zަC@nV7@'),
(38, 'Petroupoli', '\0\0\0\0\0\0\0\0\0\0\0\0\0fC@b7@9g[\nC@O$b\n7@lٔC@RW7@rmC@87@fC@b7@', '\0\0\0\0\0\0\0r_!C@j{ԫ7@'),
(39, 'Acharnes', '\0\0\0\0\0\0\0\0\0\0\0\0\0΍eC@	*v7@]aLC@f|7@%$C@O-f9E7@f\rC@ma־7@H\n\nC@w¦7@	\nC@t7@Hh\nC@XM7@΍eC@	*v7@', '\0\0\0\0\0\0\0\0\0\0\0\0C@i7@'),
(40, 'Dafni', '\0\0\0\0\0\0\0\0\0\0\0\0\0wF3B@Ch7@0DNB@Zr7@N(B@xN7@xB@1ƽ7@&I"B@=B7@o)B@a\Z7@?r,B@q_SL7@wF3B@Ch7@', '\0\0\0\0\0\0\0U1~B@7@'),
(41, 'Pireas', '\0\0\0\0\0\0\0\0\0\0\0\0\0͓MkB@Eմ-7@''SJB@.67@goB@C~蠢7@d`B@pɢ7@\n6رB@ܧݧ7@WB]B@|Hj4Ȧ7@͓MkB@Eմ-7@', '\0\0\0\0\0\0\0)B@~dŤ7@'),
(42, 'Egaleo', '\0\0\0\0\0\0\0\0\0\0\0\0\0`B@/n5C7@5h<B@\rMy7@\0C@H(yn7@vK\0C@jai7@_ u\0C@7@$B@cԫ7@\nEB@\n7@`B@/n5C7@', '\0\0\0\0\0\0\0_!sB@g7@'),
(43, 'Athina', '\0\0\0\0\0\0\0\0\0\0\0\0\08(h''B@$F07@״TB@%A07@,bB@צ7@P`hB@_$7@%UMB@dL7@8(h''B@$F07@', '\0\0\0\0\0\0\0B]B@''b7@'),
(44, 'Nea Smirni', '\0\0\0\0\0\0\0\0\0\0\0\0\0ms\ZB@\0\0{7@!FB@wܶ7@*74B@1R7@-掗B@Ğpg7@2FqB@:7@r~B@K?7@ms\ZB@\0\0{7@', '\0\0\0\0\0\0\0qSB@7@'),
(45, 'Galatsi', '\0\0\0\0\0\0\0\0\0\0\0\0\0SC@mh7@}=Ιu\0C@0ǡ7@N&\0C@_(O=7@89C@''o67@;FC@nd7@SC@7@C@pW7@SC@mh7@', '\0\0\0\0\0\0\0ZcC@6U7@'),
(46, 'Ag. Dimitrios', '\0\0\0\0\0\0\0\0\0\0\0\0\0o)B@a\Z7@q_B@هk犺7@{B@37@ݘwgB@h2P7@3hB@lunX7@~iTB@.)7@&I"B@=B7@o)B@a\Z7@', '\0\0\0\0\0\0\0`B@_>Y17@'),
(47, 'Athina', '\0\0\0\0\0\0\0\0\0\0\n\0\0\0m3pB@na%G7@X[B@7/\\\\7@#B@ܑZ}7@;	B@MiC''7@GSNWvB@ٖB^7@XZEB@ۣs7@MGB@IӟC7@zYdB@]7@b_9B@dй7@m3pB@na%G7@', '\0\0\0\0\0\0\0>B@A''7@'),
(48, 'Athina', '\0\0\0\0\0\0\0\0\0\0\0\0\0(B@}}l7@ZM{B@{@7@X.kkB@Ӽ27@!B@c07@HfB@dϱ7@hZB@SG7@(B@}}l7@', '\0\0\0\0\0\0\0q\0B@39A7@'),
(49, 'Athina', '\0\0\0\0\0\0\0\0\0\0\0\0\0w+B@0a7@d3hB@=7@z2>B@4,7@,B@뺳7@ D>B@&%1в7@]''B@M}7@w+B@0a7@', '\0\0\0\0\0\0\0BB@hU7@'),
(50, 'Ilioupoli', '\0\0\0\0\0\0\0\0\0\0\0\0\0>ݐB@c''"Q7@B@Z"7@B@6;7@B@m@7@%ZB@hr7@>ݐB@c''"Q7@', '\0\0\0\0\0\0\0>DB@ݵ|п7@'),
(51, 'Glifada', '\0\0\0\0\0\0\0\0\0\0\0\0\0,=B@/YUj7@~?UB@X.''7@B@^7@?UB@y^7@Q\rB@#7@][wB@E!7@,=B@/YUj7@', '\0\0\0\0\0\0\0w-!B@hv[7@'),
(52, 'Egaleo', '\0\0\0\0\0\0\0\0\0\0\0\0\0YB@_)ٮ7@\\>[B@:]7@rlB@1d7@ۍ]B@F67@^0XbB@5ۮ7@SB@-l9ǯ7@YB@_)ٮ7@', '\0\0\0\0\0\0\0C˺,B@{)<h7@'),
(53, 'Athina', '\0\0\0\0\0\0\0\0\0\0\0\0\0RY$#B@Җ7@N\\B@h7@''ܭB@$=7@Fo\0C@7@/B@`e7@RY$#B@Җ7@', '\0\0\0\0\0\0\0c|lB@c%YI7@'),
(54, 'Agii Anargiri', '\0\0\0\0\0\0\0\0\0\0\0\0\0S`k0C@3`7@\0wC@ESAz7@[xC@M#7@)C@&E7@Js=gC@;7@"GC@I2޸7@9}C@8NH7@S`k0C@3`7@', '\0\0\0\0\0\0\0J^c@C@\n(Է7@'),
(55, 'Athina', '\0\0\0\0\0\0\0\0\0\0\0\0\0r$TB@gP7@6vyB@f"Ԥ7@)B@bf7@fB@_(N7@r$TB@gP7@', '\0\0\0\0\0\0\0ʋLB@=^H7@'),
(56, 'Galatsi', '\0\0\0\0\0\0\0\0\0\0\0\0\0[VC@7@;FC@nd7@SC@7@+&C@@\\W7@:eC@X&J"7@C@Wy7@>6gC@R17@[VC@7@', '\0\0\0\0\0\0\0צC@-cyW7@'),
(57, 'Neo Psichiko', '\0\0\0\0\0\0\0\0\0\0\0\0\0@\0uC@2Z7@?#C@g47@J\0C@Q\n7@\0C@w$7@dL\0C@ 47@@\0uC@2Z7@', '\0\0\0\0\0\0\0\06C@7@'),
(58, 'Athina', '\0\0\0\0\0\0\0\0\0\0\0\0\0d6/8C@Ù7@[*\0C@(w67@M\\_B@|Y[7@>B@%/wݽ7@8c.C@A7@d6/8C@Ù7@', '\0\0\0\0\0\0\0%}8\0C@-9(7@'),
(59, 'Egaleo', '\0\0\0\0\0\0\0\0\0\0\0\0\0/lFB@Ȫݮ7@5h<B@\rMy7@\0C@H(yn7@K8lqB@ d\ZN7@\027B@j7@/lFB@Ȫݮ7@', '\0\0\0\0\0\0\0]gA(B@=\Z-7@'),
(60, 'Zografou', '\0\0\0\0\0\0\0\0\0\0\0\0\02u֬B@ea7@tB@ʍ5*7@,އB@eG7@60sB@F7@7z\r-B@S]X(7@_B@/7@2u֬B@ea7@', '\0\0\0\0\0\0\0nN%@B@7@'),
(61, 'Galatsi', '\0\0\0\0\0\0\0\0\0\0	\0\0\0d6/8C@Ù7@8c.C@A7@\r\0C@ǈ17@O\0\0C@OQ<7@PԧC@C7@[VC@7@>6gC@R17@phNC@>\\鈽7@d6/8C@Ù7@', '\0\0\0\0\0\0\0"jC@48E7@'),
(62, 'Athina', '\0\0\0\0\0\0\0\0\0\0\0\0\0TmB@>Fr7@8.)\0\0C@7@uB@>M\n7@bB@:7@|WmB@\Z`7@TmB@>Fr7@', '\0\0\0\0\0\0\0B@ׄƠ7@'),
(63, 'Athina', '\0\0\0\0\0\0\0\0\0\0\0\0\0>B@7@ڈHiB@|\07@4McB@!yдо7@j\Z9B@g7@,B@''7@َ''B@1el7@b`B@:o;7@>B@7@', '\0\0\0\0\0\0\0YB@˿7@'),
(64, 'Ag. Paraskevi', '\0\0\0\0\0\0\0\0\0\0\0\0\0Nt\0\0C@R\07@^P\0C@e7@߅B@C#7@lЗB@=j7@FMB@Ā7@ Ʒ5zC@⁺7@Nt\0\0C@R\07@', '\0\0\0\0\0\0\0Q|a\0C@E\07@'),
(65, 'Paiania', '\0\0\0\0\0\0\0\0\0\0\n\0\0\0lЗB@=j7@J=wB@7@"dB@C:g7@\nS8B@2%-7@k.B@3y57@MϠB@*gh7@*(B@\0k7@2B@B!7@߅B@C#7@lЗB@=j7@', '\0\0\0\0\0\0\0i&B@''7@'),
(66, 'Kifisia', '\0\0\0\0\0\0\0\0\0\0\0\0\0yAC@?+7@oI5C@7@0[C@ax7@3ȥC@P7@*f\rC@wi87@V݊|C@[LJ77@>C@eh\\7@yAC@?+7@', '\0\0\0\0\0\0\0\\U]\nC@?=x7@'),
(67, 'Pallini', '\0\0\0\0\0\0\0\0\0\0\0\0\0I6B@v_q7@i7\0B@k}7@RlB@97@7(3	C@\07@>C@7@4ܛB@97@I6B@v_q7@', '\0\0\0\0\0\0\04/w\0C@[v7@'),
(68, 'Petroupoli', '\0\0\0\0\0\0\0\0\0\0\0\0\0KC@Zѯ7@HuC@-Э7@*\0C@,7@C@fD7@)OC@޲/K7@KC@Zѯ7@', '\0\0\0\0\0\0\03.C@GtϺF7@'),
(69, 'Ag. Dimitrios', '\0\0\0\0\0\0\0\0\0\0\0\0\0xB@1ƽ7@sŤB@5X7@6n0B@AK7@XFB@t'']7@~iTB@.)7@&I"B@=B7@xB@1ƽ7@', '\0\0\0\0\0\0\0lwB@z\Z0H7@'),
(70, 'Fili', '\0\0\0\0\0\0\0\0\0\0\0\0\0HC@f:x7@,:C@U47@\rM|C@7@,RZ C@0(7@9g[\nC@O$b\n7@lٔC@RW7@HC@f:x7@', '\0\0\0\0\0\0\0r3܀C@0e7@'),
(71, 'Athina', '\0\0\0\0\0\0\0\0\0\0\0\0\07''B@kb7@VĻB@ؼ7@GSNWvB@ٖB^7@;	B@MiC''7@\Z7IB@2t-7@XMYB@>%7@7''B@kb7@', '\0\0\0\0\0\0\0bL{)B@)=$7@'),
(72, 'Vlitikos Stathmos', '\0\0\0\0\0\0\0\0\0\0\0\0\0Mȸ(B@|:`7@t@B@Y7@͡B@@ 7@_pL=B@\n67@9bB@37@-7B@~Vdn7@C/B@/Ό]7@Mȸ(B@|:`7@', '\0\0\0\0\0\0\0BB@voEb7@'),
(73, 'Kesariani', '\0\0\0\0\0\0\0\0\0\0\0\0\0l)B@j	8)7@0ZB@#\nǚ7@,;B@GR*W7@<\r+B@"c?7@Na8B@h2V7@͡B@@ 7@_pL=B@\n67@l)B@j	8)7@', '\0\0\0\0\0\0\0KXUB@w''-7@'),
(74, 'Pallini', '\0\0\0\0\0\0\0\0\0\0\0\0\0k.B@3y57@I6B@v_q7@4ܛB@97@q-oC@H=7@MϠB@*gh7@k.B@3y57@', '\0\0\0\0\0\0\0-\0C@p7@'),
(75, 'Egaleo', '\0\0\0\0\0\0\0\0\0\0\0\0\0\nEB@\n7@/*B@G\nӴ7@T\0''B@g7@$B@cԫ7@\nEB@\n7@', '\0\0\0\0\0\0\0i\0oB@:r37@'),
(76, 'Argiroupoli', '\0\0\0\0\0\0\0\0\0\0\0\0\0B@Z"7@vB@ ½7@KB@n)7@ϬnB@ĜH17@B@6;7@B@Z"7@', '\0\0\0\0\0\0\0;B@	7@'),
(77, 'Peania', '\0\0\0\0\0\0\0\0\0\0\0\0\0k.B@3y57@I6B@v_q7@i7\0B@k}7@_$NlB@7@g{ B@	⹈7@^B@57@\nS8B@2%-7@k.B@3y57@', '\0\0\0\0\0\0\0?n|B@c[7@'),
(78, 'Acharnes', '\0\0\0\0\0\0\0\0\0\0\0\0\0	C@ܨK7@T\rC@ʓ|ڱ7@C@i]R7@%teAC@S̽7@ԕȏ	C@\0D7@	C@ܨK7@', '\0\0\0\0\0\0\06\nC@c''7@'),
(79, 'Vari', '\0\0\0\0\0\0\0\0\0\0\0\0\0B]8@3/\r`f1@B@^7@~?UB@X.''7@iGB@\r+z7@>[rYB@f7@}2@7@t$ՇL9@B]8@3/\r`f1@', '\0\0\0\0\0\0\0rB@O7@'),
(80, 'Athina', '\0\0\0\0\0\0\0\0\0\0\0\0\0f$C@7@CC@&]7@\0wC@ESAz7@S`k0C@3`7@U`%C@cɻ7@D]OC@s7@f$C@7@', '\0\0\0\0\0\0\0UסC@m7@'),
(81, 'Elefsina', '\0\0\0\0\0\0\0\0\0\0\0\0\0m~)''NA@ؑ "@IWٌ*J@VGK1@>hiH`C@\nc!m7@f1C@Y7@_aOC@\Zs>7@GB@ۺN7@m~)''NA@ؑ "@', '\0\0\0\0\0\0\0R||BvC@ؙB7@'),
(82, 'Athina', '\0\0\0\0\0\0\0\0\0\0\0\0\0MGB@IӟC7@(q+B@x[	7@zYB@8b7@:qAB@7@ssAB@"/7@XZEB@ۣs7@MGB@IӟC7@', '\0\0\0\0\0\0\0r3܀B@B۹7@'),
(83, 'Zografou', '\0\0\0\0\0\0\0\0\0\0	\0\0\0_B@/7@7z\r-B@S]X(7@?C@B@Ǹv7@>B@ؽ=7@״TB@%A07@,bB@צ7@>GB@>{7@XB@=7@_B@/7@', '\0\0\0\0\0\0\0bgB@_uH7@'),
(84, 'Athina', '\0\0\0\0\0\0\0\0\0\0\0\0\0}C@nP7@SC@HGZ7@\n歏NC@\0\n7@.C@UIL7@\\C@(Z97@s3C@J 7@}C@nP7@', '\0\0\0\0\0\0\02C@x"7@'),
(85, 'Zografou', '\0\0\0\0\0\0\0\0\0\0\0\0\0l)B@j	8)7@z8nB@h^F7@;Y)B@3W"7@KMv B@GϴY7@9bB@37@_pL=B@\n67@l)B@j	8)7@', '\0\0\0\0\0\0\0c=	B@辜7@'),
(86, 'Galatsi', '\0\0\0\0\0\0\0\0\0\0\0\0\02_C@f5P7@-C@LhQ7@C@!7@u(C@PB7@]n=C@>7@hC@07@2_C@f5P7@', '\0\0\0\0\0\0\0H`C@\r9!7@'),
(87, 'Moschato', '\0\0\0\0\0\0\0\0\0\0\0\0\0j&CB@&Nʳ7@\r[$B@|7@]ZmB@xX7@P/B@7@ D>B@&%1в7@,B@뺳7@j&CB@&Nʳ7@', '\0\0\0\0\0\0\08MpB@JE7@'),
(88, 'Athina', '\0\0\0\0\0\0\0\0\0\0\0\0\0vB@6qѲ7@9IB@rƦ7@!B@c07@X.kkB@Ӽ27@M@B@}7@cB@a>ҵ7@:*FB@vRf7@vB@6qѲ7@', '\0\0\0\0\0\0\0g*#B@rl=C7@'),
(89, 'Peristeri', '\0\0\0\0\0\0\0\0\0\0\0\0\0^s,B@%y\r7@.\\B@lZd\07@y\0C@+7@ܼ`\0C@7@k+H=C@QqC7@\0C@R7@p!B-\\\0C@,P\rY7@^s,B@%y\r7@', '\0\0\0\0\0\0\0QB\0C@k7@'),
(90, 'Pallini', '\0\0\0\0\0\0\0\0\0\0\0\0\04ܛB@97@>C@7@3ȥC@P7@0[C@ax7@q-oC@H=7@4ܛB@97@', '\0\0\0\0\0\0\0HR\0C@]m7@'),
(91, 'Perama', '\0\0\0\0\0\0\0\0\0\0\0\0\0Z"t7@ʊZCm.@m~)''NA@ؑ "@GB@ۺN7@gڌ\0C@.i7@glB@_7@r@vB@ƙX7@#B@\r,*6@Z"t7@ʊZCm.@', '\0\0\0\0\0\0\0~߿yB@#7@'),
(92, 'Cholargos', '\0\0\0\0\0\0\0\0\0\0\n\0\0\0\0C@w$7@J\0C@Q\n7@Πh\0C@&I7@FMB@Ā7@lЗB@=j7@J=wB@7@z8nB@h^F7@;Y)B@3W"7@YB@o7@\0C@w$7@', '\0\0\0\0\0\0\0<B@\\	7@'),
(93, 'Agii Anargiri', '\0\0\0\0\0\0\0\0\0\0\0\0\0s3C@J 7@9}C@8NH7@"GC@I2޸7@*H C@_lL7@*C@=س7@\\C@(Z97@s3C@J 7@', '\0\0\0\0\0\0\0rQ-"C@.m8,7@'),
(94, 'Ag. Paraskevi', '\0\0\0\0\0\0\0\0\0\0\0\0\0].JC@`D7@h?\0C@97@Nt\0\0C@R\07@ Ʒ5zC@⁺7@]C@7@-rC@q7@].JC@`D7@', '\0\0\0\0\0\0\0[kBZC@8q7@'),
(95, 'Athina', '\0\0\0\0\0\0\0\0\0\0\0\0\0Aa{B@]<J7@bB@7@tB@57@yB@7@B@w@̿7@Aa{B@]<J7@', '\0\0\0\0\0\0\03ۃB@S7@'),
(96, 'Nea Ionia', '\0\0\0\0\0\0\0\0\0\0\0\0\07C@q#7@TmC@\rJ?7@2_C@f5P7@-C@LhQ7@cC@,b\Z7@7C@q#7@', '\0\0\0\0\0\0\0cZB>C@?n|7@'),
(97, 'Koropi', '\0\0\0\0\0\0\0\0\0\0\0\0\0|cҙB@7@KMmNB@ύ7@>[rYB@f7@iGB@\r+z7@KaUiB@x\\P7@OB@2bQU7@|cҙB@7@', '\0\0\0\0\0\0\0H¾DB@L7@'),
(98, 'Argiroupoli', '\0\0\0\0\0\0\0\0\0\0\0\0\0_vB@.Xo7@WjB@/U7@96<B@r7@[qB@˴7@I1]B@7@ϬnB@ĜH17@KB@n)7@_vB@.Xo7@', '\0\0\0\0\0\0\0A<B@-{؜7@'),
(99, 'Aspropirgos', '\0\0\0\0\0\0\0\0\0\0\0\0\0f1C@Y7@G׌C@Wc 7@-ː`C@$\Z7@fC@x<k7@_aOC@\Zs>7@f1C@Y7@', '\0\0\0\0\0\0\0JxBC@fNĖ7@'),
(100, 'Voula', '\0\0\0\0\0\0\0\0\0\0\0\0\0B]8@3/\r`f1@Z"t7@ʊZCm.@#B@\r,*6@?UB@y^7@B@^7@B]8@3/\r`f1@', '\0\0\0\0\0\0\0<8b-B@):7@'),
(101, 'Vironas', '\0\0\0\0\0\0\0\0\0\0\0\0\0lB@v7@1B@R##7@]ZG4B@	c7@>B@ؽ=7@״TB@%A07@8(h''B@$F07@lB@v7@', '\0\0\0\0\0\0\0vrB@37@'),
(102, 'Athina', '\0\0\0\0\0\0\0\0\0\0	\0\0\0B@A7@~&,B@k77@CPB@Li7@JuMB@{ݹ7@eNZEB@/Uc7@''B@ߖ7@bB@7@Aa{B@]<J7@B@A7@', '\0\0\0\0\0\0\0(]B@hXֺ7@'),
(103, 'Ag. Dimitrios', '\0\0\0\0\0\0\0\0\0\0\0\0\0''XB@,\0`Q^7@~3jB@L5p7@,B@`%7@{B@37@ݘwgB@h2P7@\rn?fB@\nZr7@''XB@,\0`Q^7@', '\0\0\0\0\0\0\0Y>B@A۽7@'),
(104, 'Ilioupoli', '\0\0\0\0\0\0\0\0\0\0\0\0\0DȄB@l7@>ݐB@c''"Q7@%ZB@hr7@ڟB@ve7@	B@ŅW 7@ȉ%B@l 7@DȄB@l7@', '\0\0\0\0\0\0\0A\rºB@E7@'),
(105, 'Kalivia Thorikou', '\0\0\0\0\0\0\0\0\0\0\0\0\0}2@7@t$ՇL9@>[rYB@f7@KMmNB@ύ7@fB@%IKZ8@E=w>@~VWB@}2@7@t$ՇL9@', '\0\0\0\0\0\0\0%B@\r,7@'),
(106, 'Koridallos', '\0\0\0\0\0\0\0\0\0\0\0\0\08B@NY{7@Ʊ9B@+17@)SB@@ɏۧ7@\\]"B@87@ÊB@.''涤7@QLV4B@\n3]fY7@8B@NY{7@', '\0\0\0\0\0\0\0	cB@i7@'),
(107, 'Koropi', '\0\0\0\0\0\0\0\0\0\0\0\0\0g{ B@	⹈7@^B@57@OB@2bQU7@|cҙB@7@g{ B@	⹈7@', '\0\0\0\0\0\0\0W@B@\0o7@'),
(108, 'Kifisia', '\0\0\0\0\0\0\0\0\0\0\0\0\0xƬ\nC@$w7@f\rC@ma־7@H\n\nC@w¦7@RC@B\Zpq7@\0{C@g)p7@IHZC@*7@xƬ\nC@$w7@', '\0\0\0\0\0\0\0T	C@QdV7@'),
(109, 'Petroupoli', '\0\0\0\0\0\0\0\0\0\0\0\0\0KC@Zѯ7@HuC@-Э7@fC@b7@9g[\nC@O$b\n7@,RZ C@0(7@ֶ_\nC@&@cʭ7@KC@Zѯ7@', '\0\0\0\0\0\0\0E>C@_	Į7@'),
(110, 'Metamorfosi', '\0\0\0\0\0\0\0\0\0\0\0\0\0H\n\nC@w¦7@RC@B\Zpq7@~ĐC@Jca7@ڪ4C@w栮7@	\nC@t7@H\n\nC@w¦7@', '\0\0\0\0\0\0\0t	C@=#7@'),
(111, 'Agii Anargiri', '\0\0\0\0\0\0\0\0\0\0\0\0\0Js=gC@;7@t^C@u޴7@{{C@|\Z7@c0C@/z7@)C@&E7@Js=gC@;7@', '\0\0\0\0\0\0\0ÜC@nݳ7@'),
(112, 'Marousi', '\0\0\0\0\0\0\0\0\0\0\0\0\0`_I;C@a\ZY7@]n=C@>7@u(C@PB7@\0{C@g)p7@IHZC@*7@tPC@jz7@EsIC@%6?7@`_I;C@a\ZY7@', '\0\0\0\0\0\0\0fc%C@7@'),
(113, 'Ag. Dimitrios', '\0\0\0\0\0\0\0\0\0\0\0\0\0''XB@,\0`Q^7@\rn?fB@\nZr7@uB@2">`87@yjB@ k΍7@''XB@,\0`Q^7@', '\0\0\0\0\0\0\0\nfL\ZB@tw\r7@'),
(114, 'Neo Psichiko', '\0\0\0\0\0\0\0\0\0\0\0\0\08sC@{Y(7@oSqB@.7@dL\0C@ 47@@\0uC@2Z7@27C@wh7@9IC@"h	7@8sC@{Y(7@', '\0\0\0\0\0\0\0''\0C@4E7@'),
(115, 'Athina', '\0\0\0\0\0\0\0\0\0\0\n\0\0\0N\\B@h7@''ܭB@$=7@cB@a>ҵ7@:*FB@vRf7@emB@7@ʌB@u_7@h0/B@ض7@diB@p?7@PB@^|i7@N\\B@h7@', '\0\0\0\0\0\0\0%B@~QB7@'),
(116, 'Perama', '\0\0\0\0\0\0\0\0\0\0\0\0\0j)B@Z<7@E\ZOB@VS7@-ː`C@$\Z7@fC@x<k7@gڌ\0C@.i7@glB@_7@	B@q*7@j)B@Z<7@', '\0\0\0\0\0\0\0&MB@߈Yא7@'),
(117, 'Kallithea', '\0\0\0\0\0\0\0\0\0\0\0\0\0e+}\Z/B@$hm7@kB@G7@NB@݁b7@6vyB@f"Ԥ7@r$TB@gP7@FB@*7@e+}\Z/B@$hm7@', '\0\0\0\0\0\0\0XB@$_	Ķ7@'),
(118, 'Rafina', '\0\0\0\0\0\0\0\0\0\0\0\0\0RlB@97@7(3	C@\07@H+/C@&B(D''8@96H@8ɑ @@w1#rB@U3IEC@RlB@97@', '\0\0\0\0\0\0\0!C@/''8@'),
(119, 'Peania', '\0\0\0\0\0\0\0\0\0\0\0\0\0\nS8B@2%-7@^B@57@OB@2bQU7@KaUiB@x\\P7@,;B@GR*W7@0ZB@#\nǚ7@"dB@C:g7@\nS8B@2%-7@', '\0\0\0\0\0\0\0|8cB@-#7@'),
(120, 'Chalandri', '\0\0\0\0\0\0\0\0\0\0\0\0\0J\0C@Q\n7@Πh\0C@&I7@vlC@\Zd9"7@\\C@z7@C@Al7@?#C@g47@J\0C@Q\n7@', '\0\0\0\0\0\0\0\r7C@ӹ7@'),
(121, 'Athina', '\0\0\0\0\0\0\0\0\0\0\0\0\0(q+B@x[	7@diB@p?7@h0/B@ض7@w*B@r~\07@B@mٸ7@zYB@8b7@(q+B@x[	7@', '\0\0\0\0\0\0\0ZB>B@d,7@'),
(122, 'Athina', '\0\0\0\0\0\0\0\0\0\0\0\0\0emB@7@ZbB@u77@31B@iU7@}hB@>k꼷7@ʌB@u_7@emB@7@', '\0\0\0\0\0\0\00B@Sc$7@'),
(123, 'Peristeri', '\0\0\0\0\0\0\0\0\0\0\0\0\0c0C@/z7@k+H=C@QqC7@\0C@R7@k\0C@ȃm7@`ܧC@Yf7@xC@7@{{C@|\Z7@c0C@/z7@', '\0\0\0\0\0\0\0XCC@Fv7@'),
(124, 'Chaidari', '\0\0\0\0\0\0\0\0\0\0\0\0\0kS\0C@[7V7@B@mc7@C@i?7@(X<C@7@kS\0C@[7V7@', '\0\0\0\0\0\0\0_\0C@:ȩ7@'),
(125, 'Chalandri', '\0\0\0\0\0\0\0\0\0\0\0\0\0SJC@gdZ[7@-rC@q7@]C@7@vlC@\Zd9"7@\\C@z7@gAC@;l5"7@SJC@gdZ[7@', '\0\0\0\0\0\0\0LmC@~֤7@'),
(126, 'Athina', '\0\0\0\0\0\0\0\0\0\0\0\0\0C^AB@;ƫ7@oSqB@.7@8sC@{Y(7@8.)\0\0C@7@TmB@>Fr7@C^AB@;ƫ7@', '\0\0\0\0\0\0\0YLl>B@S%7@'),
(127, 'Drosopigi', '\0\0\0\0\0\0\0\0\0\0	\0\0\0H+/C@&B(D''8@OD#_C@oҹ7@%$C@O-f9E7@]aLC@f|7@--۱/C@\Z|bY7@>hiH`C@\nc!m7@IWٌ*J@VGK1@96H@8ɑ @@H+/C@&B(D''8@', '\0\0\0\0\0\0\0{YC@\0dF7@'),
(128, 'Ag. Paraskevi', '\0\0\0\0\0\0\0\0\0\0\0\0\0h?\0C@97@*(B@\0k7@2B@B!7@^P\0C@e7@Nt\0\0C@R\07@h?\0C@97@', '\0\0\0\0\0\0\0<r\0C@5\nIf7@'),
(129, 'Chalandri', '\0\0\0\0\0\0\0\0\0\0\0\0\0@\0uC@2Z7@?#C@g47@C@Al7@h C@$:7@27C@wh7@@\0uC@2Z7@', '\0\0\0\0\0\0\0?aC@YİØ7@'),
(130, 'Ilioupoli', '\0\0\0\0\0\0\0\0\0\0\0\0\0ȉ%B@l 7@Na8B@h2V7@͡B@@ 7@t@B@Y7@ˠonB@87H7@w,B@1<7@	B@ŅW 7@ȉ%B@l 7@', '\0\0\0\0\0\0\0h$B#B@\ZPoF7@'),
(131, 'Galatsi', '\0\0\0\0\0\0\0\0\0\0\0\0\0PԧC@C7@89C@''o67@;FC@nd7@[VC@7@PԧC@C7@', '\0\0\0\0\0\0\0C@|y7@'),
(132, 'Peristeri', '\0\0\0\0\0\0\0\0\0\0\0\0\0*\0C@,7@C@fD7@UC@QMR7@ӥC@xb7@C@pˮ7@*\0C@,7@', '\0\0\0\0\0\0\0C@E7@'),
(133, 'Ilioupoli', '\0\0\0\0\0\0\0\0\0\0\0\0\0XFB@t'']7@B@m@7@%ZB@hr7@ڟB@ve7@6n0B@AK7@XFB@t'']7@', '\0\0\0\0\0\0\0?=xB@r۾7@'),
(134, 'Nea Filadelfia', '\0\0\0\0\0\0\0\0\0\0\0\0\0.C@UIL7@ߋAC@+67@sC@Ge7@\n歏NC@\0\n7@.C@UIL7@', '\0\0\0\0\0\0\0qZC@F>7@'),
(135, 'Paleo Faliro', '\0\0\0\0\0\0\0\0\0\0\0\0\0''hB@w2>7@B@mXx7@Oe\ZB@ބk7@upB@ƻb7@`hB@u)7@6B@ao7@''hB@w2>7@', '\0\0\0\0\0\0\00B@(~k7@'),
(136, 'Pireas', '\0\0\0\0\0\0\0\0\0\0\0\0\0upB@ƻb7@,\\B@x姨7@\n6رB@ܧݧ7@d`B@pɢ7@#lB@铠7@B@>̦7@`hB@u)7@upB@ƻb7@', '\0\0\0\0\0\0\0[B@wcAa7@'),
(137, 'Athina', '\0\0\0\0\0\0\0\0\0\0	\0\0\0FB@*7@r$TB@gP7@fB@_(N7@B@>Z7@JuMB@{ݹ7@eNZEB@/Uc7@B@}ӹ7@\n\rB@/7@FB@*7@', '\0\0\0\0\0\0\0㊋rB@B:7@'),
(138, 'Athina', '\0\0\0\0\0\0\0\0\0\0\0\0\0>B@7@b`B@:o;7@5ěnB@LhD7@OB@7@B۶;B@W7@>B@7@', '\0\0\0\0\0\0\0ꭁB@l7@'),
(139, 'Egaleo', '\0\0\0\0\0\0\0\0\0\0\0\0\0\\>[B@:]7@tsB@Y=L7@iԅ%B@TMۂϬ7@rlB@1d7@\\>[B@:]7@', '\0\0\0\0\0\0\0Д~B@|#g7@'),
(140, 'Peristeri', '\0\0\0\0\0\0\0\0\0\0\0\0\0W"qk\0C@zG*7@a[U+\0C@_7@4\nC@L9B7@\nz\0C@掔7@܌B@7@HfB@dϱ7@hZB@SG7@W"qk\0C@zG*7@', '\0\0\0\0\0\0\0 \0C@K\Z7@'),
(141, 'Athina', '\0\0\0\0\0\0\0\0\0\0\0\0\0\r\0C@ǈ17@6B@MJ7@ڈHiB@|\07@4McB@!yдо7@>B@%/wݽ7@8c.C@A7@\r\0C@ǈ17@', '\0\0\0\0\0\0\0,A\0C@qZ|7@'),
(142, 'Zografou', '\0\0\0\0\0\0\0\0\0\0\0\0\0B@.%7@jtB@6qir7@2u֬B@ea7@_B@/7@XB@=7@lB@Ti4a7@B@.%7@', '\0\0\0\0\0\0\0<,B@KY87@'),
(143, 'Pireas', '\0\0\0\0\0\0\0\0\0\0\0\0\0DmkB@87@T-fB@tf7@.,PB@${7@goB@C~蠢7@''SJB@.67@}\\B@IM7@DmkB@87@', '\0\0\0\0\0\0\0/B@P57@'),
(144, 'Athina', '\0\0\0\0\0\0\0\0\0\0\0\0\0b_9B@dй7@zYdB@]7@PB@^|i7@N\\B@h7@RY$#B@Җ7@b_9B@dй7@', '\0\0\0\0\0\0\0B@sg&ι7@'),
(145, 'Paleo Faliro', '\0\0\0\0\0\0\0\0\0\0	\0\0\06B@ao7@\rB@wK7@[L^B@ڹ7@[qB@˴7@96<B@r7@B@r7@B@>̦7@`hB@u)7@6B@ao7@', '\0\0\0\0\0\0\0T8TB@St$7@'),
(146, 'Nea Smirni', '\0\0\0\0\0\0\0\0\0\0\0\0\0r~B@K?7@7DB@czP7@\0W/PDB@D7@q_B@هk犺7@{B@37@,B@`%7@2FqB@:7@r~B@K?7@', '\0\0\0\0\0\0\0NB@3ٲ7@'),
(147, 'Elefsina', '\0\0\0\0\0\0\0\0\0\0\0\0\0_aOC@\Zs>7@GB@ۺN7@gڌ\0C@.i7@fC@x<k7@_aOC@\Zs>7@', '\0\0\0\0\0\0\0=UC@@\r7@'),
(148, 'Kamatero', '\0\0\0\0\0\0\0\0\0\0	\0\0\0lԩC@]D7@rMhC@G7@-e(\rC@|v7@mC@H7@*C@=س7@*H C@_lL7@lFC@B7@Bi$C@}WC>7@lԩC@]D7@', '\0\0\0\0\0\0\0YXC@gej7@'),
(149, 'Ilioupoli', '\0\0\0\0\0\0\0\0\0\0\0\0\06n0B@AK7@ڟB@ve7@	B@ŅW 7@w,B@1<7@AB@n4,7@9UB@6AUտ7@sŤB@5X7@6n0B@AK7@', '\0\0\0\0\0\0\0&䃞B@!7@'),
(150, 'Nikea', '\0\0\0\0\0\0\0\0\0\0\0\0\0TٌB@S7@ɂB@ի7@<bB@-,7@Ʊ9B@+17@8B@NY{7@TٌB@S7@', '\0\0\0\0\0\0\0S"B@)7@'),
(151, 'Zografou', '\0\0\0\0\0\0\0\0\0\0\0\0\0tB@ʍ5*7@pB@:;x7@YB@o7@;Y)B@3W"7@KMv B@GϴY7@QmB@S*7@,އB@eG7@tB@ʍ5*7@', '\0\0\0\0\0\0\0x	N} B@b7@'),
(152, 'Athina', '\0\0\0\0\0\0\0\0\0\0\0\0\0Z6B@`#7@uP\0C@s-7@j)rC@ķ7@ܼ`\0C@7@y\0C@+7@Fo\0C@7@/B@`e7@Z6B@`#7@', '\0\0\0\0\0\0\0\Zl<*\0C@ݖg7@'),
(153, 'Peristeri', '\0\0\0\0\0\0\0\0\0\0\0\0\0W"qk\0C@zG*7@a[U+\0C@_7@F\0C@7@$H\0C@e˳7@\0C@Iɳ7@ZM{B@{@7@(B@}}l7@W"qk\0C@zG*7@', '\0\0\0\0\0\0\0LD\0C@g\rW7@'),
(154, 'Ag. Paraskevi', '\0\0\0\0\0\0\0\0\0\0\0\0\0^P\0C@e7@2B@B!7@߅B@C#7@^P\0C@e7@', '\0\0\0\0\0\0\0j\0C@-7@'),
(155, 'Glika Nera', '\0\0\0\0\0\0\0\0\0\0	\0\0\0].JC@`D7@h?\0C@97@*(B@\0k7@MϠB@*gh7@q-oC@H=7@0[C@ax7@oI5C@7@윛C@F7@].JC@`D7@', '\0\0\0\0\0\0\0H¾\0C@.9(a7@'),
(156, 'Ag. Dimitrios', '\0\0\0\0\0\0\0\0\0\0\0\0\0{%vB@e$7@[L^B@ڹ7@[qB@˴7@I1]B@7@LOB@I%7@{%vB@e$7@', '\0\0\0\0\0\0\0#B@vQǸ7@'),
(157, 'Filothei', '\0\0\0\0\0\0\0\0\0\0	\0\0\0SC@mh7@9IC@"h	7@27C@wh7@h C@$:7@`_I;C@a\ZY7@]n=C@>7@hC@07@C@pW7@SC@mh7@', '\0\0\0\0\0\0\0"*C@1~7@'),
(158, 'Athina', '\0\0\0\0\0\0\0\0\0\0\0\0\0B@A7@~&,B@k77@ssAB@"/7@XZEB@ۣs7@GSNWvB@ٖB^7@VĻB@ؼ7@B@A7@', '\0\0\0\0\0\0\0H]B@혺+7@'),
(159, 'Koridallos', '\0\0\0\0\0\0\0\0\0\0\0\0\0)SB@@ɏۧ7@\\]"B@87@PFB@J7@ON B@L7@eB@Oł 7@)SB@@ɏۧ7@', '\0\0\0\0\0\0\0c}B@V\n\\7@'),
(160, 'Kifisia', '\0\0\0\0\0\0\0\0\0\0\0\0\0>C@eh\\7@V݊|C@[LJ77@^Os\0C@z7@>C@eh\\7@', '\0\0\0\0\0\0\0oK3\nC@L$w7@'),
(161, 'Acharnes', '\0\0\0\0\0\0\0\0\0\0\0\0\0ZoC@Lz7@6C@hH7@\rM|C@7@,:C@U47@--۱/C@\Z|bY7@]aLC@f|7@΍eC@	*v7@ZoC@Lz7@', '\0\0\0\0\0\0\0`obHC@Ov37@'),
(162, 'Voula', '\0\0\0\0\0\0\0\0\0\0\0\0\0WjB@/U7@96<B@r7@B@r7@r@vB@ƙX7@#B@\r,*6@?UB@y^7@Q\rB@#7@WjB@/U7@', '\0\0\0\0\0\0\0^B@7@'),
(163, 'Egaleo', '\0\0\0\0\0\0\0\0\0\0\0\0\0YB@_)ٮ7@\\>[B@:]7@tsB@Y=L7@`B@/n5C7@5h<B@\rMy7@/lFB@Ȫݮ7@YB@_)ٮ7@', '\0\0\0\0\0\0\0WB@߭7@'),
(164, 'Drapetsona', '\0\0\0\0\0\0\0\0\0\0\0\0\0.,PB@${7@j)B@Z<7@	B@q*7@#lB@铠7@d`B@pɢ7@goB@C~蠢7@.,PB@${7@', '\0\0\0\0\0\0\0{؜B@ⱟR7@'),
(165, 'Markopoulo Mesogeas', '\0\0\0\0\0\0\0\0\0\0\0\0\0g{ B@	⹈7@_$NlB@7@fB@%IKZ8@KMmNB@ύ7@|cҙB@7@g{ B@	⹈7@', '\0\0\0\0\0\0\0s*\0B@ם7@'),
(166, 'Metamorfosi', '\0\0\0\0\0\0\0\0\0\0\0\0\0WƈYC@kb7@~ĐC@Jca7@ڪ4C@w栮7@ mz^C@m1̿7@	:C@-17@WƈYC@kb7@', '\0\0\0\0\0\0\0,C@[%X7@'),
(167, 'Nea Ionia', '\0\0\0\0\0\0\0\0\0\0\0\0\0&C@TU7@	:C@-17@ mz^C@m1̿7@}y<xC@7@XqC@>S7@GC@a#7@&C@TU7@', '\0\0\0\0\0\0\0W9C@8L7@'),
(168, 'Athina', '\0\0\0\0\0\0\0\0\0\0\0\0\0b`B@:o;7@َ''B@1el7@qB@=3q7@XMYB@>%7@7''B@kb7@EA^B@4ٿ7@5ěnB@LhD7@b`B@:o;7@', '\0\0\0\0\0\0\0fs~B@0 7@'),
(169, 'Peristeri', '\0\0\0\0\0\0\0\0\0\0\0\0\0`ܧC@Yf7@xC@7@UC@QMR7@ӥC@xb7@%RC@(y7@`ܧC@Yf7@', '\0\0\0\0\0\0\0C@w7@'),
(170, 'Athina', '\0\0\0\0\0\0\0\0\0\0\0\0\0,B@''7@`B@|"7@#B@ܑZ}7@X[B@7/\\\\7@j\Z9B@g7@,B@''7@', '\0\0\0\0\0\0\0#B@F7@'),
(171, 'Ag. Dimitrios', '\0\0\0\0\0\0\0\0\0\0\0\0\0\rn?fB@\nZr7@ݘwgB@h2P7@3hB@lunX7@d8B@<7@uB@2">`87@\rn?fB@\nZr7@', '\0\0\0\0\0\0\0cwB@}i7@'),
(172, 'Kamatero', '\0\0\0\0\0\0\0\0\0\0\0\0\0KC@Zѯ7@)OC@޲/K7@Bi$C@}WC>7@lԩC@]D7@ֶ_\nC@&@cʭ7@KC@Zѯ7@', '\0\0\0\0\0\0\0^fC@St7@'),
(173, 'Kallithea', '\0\0\0\0\0\0\0\0\0\0\0\0\0!FB@wܶ7@=RB@X#7@ZI*B@777@)VB@A;7@*74B@1R7@!FB@wܶ7@', '\0\0\0\0\0\0\0MB@[u7@'),
(174, 'Nea Filadelfia', '\0\0\0\0\0\0\0\0\0\0\0\0\0GC@a#7@XqC@>S7@-e(\rC@|v7@mC@H7@ߋAC@+67@sC@Ge7@GC@a#7@', '\0\0\0\0\0\0\0oC@H4"7@'),
(175, 'Athina', '\0\0\0\0\0\0\0\0\0\0\0\0\0B@mٸ7@"B@sȉ7@}~\nҴB@fP7@?rXB@è$7@w*B@r~\07@B@mٸ7@', '\0\0\0\0\0\0\0A^B@O唸7@'),
(176, 'Nikea', '\0\0\0\0\0\0\0\0\0\0	\0\0\0*jB@m<f7@}\\B@IM7@DmkB@87@*IB@sm7@PFB@J7@\\]"B@87@ÊB@.''涤7@!IB@К7@*jB@m<f7@', '\0\0\0\0\0\0\0B@_BF7@'),
(177, 'Pireas', '\0\0\0\0\0\0\0\0\0\0\0\0\0#lB@铠7@	B@q*7@glB@_7@r@vB@ƙX7@B@r7@B@>̦7@#lB@铠7@', '\0\0\0\0\0\0\0R\nB@8Z7@'),
(178, 'Nea Ionia', '\0\0\0\0\0\0\0\0\0\0\0\0\0:eC@X&J"7@+&C@@\\W7@TmC@\rJ?7@7C@q#7@vv8C@Vn7@v.C@O싾7@:eC@X&J"7@', '\0\0\0\0\0\0\0B]C@\n(z7@'),
(179, 'Galatsi', '\0\0\0\0\0\0\0\0\0\0\0\0\0O\0\0C@OQ<7@N&\0C@_(O=7@89C@''o67@PԧC@C7@O\0\0C@OQ<7@', '\0\0\0\0\0\0\0o!aC@ެ7@'),
(180, 'Marousi', '\0\0\0\0\0\0\0\0\0\0\0\0\0tFC@[D.7@윛C@F7@oI5C@7@yAC@?+7@tPC@jz7@EsIC@%6?7@]EC@t1"7@tFC@[D.7@', '\0\0\0\0\0\0\0f2}C@]N	I7@'),
(181, 'Keratsini', '\0\0\0\0\0\0\0\0\0\0\0\0\0T-fB@tf7@B@gb7@E\ZOB@VS7@j)B@Z<7@.,PB@${7@T-fB@tf7@', '\0\0\0\0\0\0\0N@B@7@'),
(182, 'Iraklio', '\0\0\0\0\0\0\0\0\0\0\0\0\0C@!7@WƈYC@kb7@~ĐC@Jca7@RC@B\Zpq7@\0{C@g)p7@u(C@PB7@C@!7@', '\0\0\0\0\0\0\0>C@ǻ#c7@'),
(183, 'Kifisia', '\0\0\0\0\0\0\0\0\0\0\0\0\0yAC@?+7@tPC@jz7@IHZC@*7@xƬ\nC@$w7@^Os\0C@z7@>C@eh\\7@yAC@?+7@', '\0\0\0\0\0\0\08G	C@F[D7@'),
(184, 'Keratsini', '\0\0\0\0\0\0\0\0\0\0\0\0\0DmkB@87@*IB@sm7@B@gb7@T-fB@tf7@DmkB@87@', '\0\0\0\0\0\0\0-W?6B@''7@'),
(185, 'Peristeri', '\0\0\0\0\0\0\0\0\0\0\0\0\0F\0C@7@k\0C@ȃm7@`ܧC@Yf7@%RC@(y7@4\nC@L9B7@a[U+\0C@_7@F\0C@7@', '\0\0\0\0\0\0\0C@,eX7@'),
(186, 'Kallithea', '\0\0\0\0\0\0\0\0\0\0\0\0\0=RB@X#7@kB@G7@NB@݁b7@j&CB@&Nʳ7@\r[$B@|7@ZI*B@777@=RB@X#7@', '\0\0\0\0\0\0\0_@/ܹB@77'',7@'),
(187, 'Aspropirgos', '\0\0\0\0\0\0\0\0\0\0\0\0\0HC@f:x7@,:C@U47@--۱/C@\Z|bY7@>hiH`C@\nc!m7@f1C@Y7@G׌C@Wc 7@C@Gܛ7@HC@f:x7@', '\0\0\0\0\0\0\0ٔ+C@O7@'),
(188, 'Athina', '\0\0\0\0\0\0\0\0\0\0\0\0\0:eC@X&J"7@v.C@O싾7@D]OC@s7@f$C@7@|}C@H7@C@Wy7@:eC@X&J"7@', '\0\0\0\0\0\0\0bLC@\0&7@'),
(189, 'Athina', '\0\0\0\0\0\0\0\0\0\0\0\0\0O\0\0C@OQ<7@N&\0C@_(O=7@}=Ιu\0C@0ǡ7@t4l\0C@ZL;7@6B@MJ7@\r\0C@ǈ17@O\0\0C@OQ<7@', '\0\0\0\0\0\0\0J\0C@9b->7@'),
(190, 'Peristeri', '\0\0\0\0\0\0\0\0\0\0\0\0\0$H\0C@e˳7@F\0C@7@k\0C@ȃm7@\0C@R7@p!B-\\\0C@,P\rY7@$H\0C@e˳7@', '\0\0\0\0\0\0\0T\0C@	K<7@'),
(191, 'Dafni', '\0\0\0\0\0\0\0\0\0\0\0\0\0?r,B@q_SL7@sB@+7@\0W/PDB@D7@q_B@هk犺7@o)B@a\Z7@?r,B@q_SL7@', '\0\0\0\0\0\0\0B@1ZGU7@'),
(192, 'Galatsi', '\0\0\0\0\0\0\0\0\0\0\0\0\0C@pW7@hC@07@2_C@f5P7@TmC@\rJ?7@+&C@@\\W7@SC@7@C@pW7@', '\0\0\0\0\0\0\0jC@s=A7@'),
(193, 'Athina', '\0\0\0\0\0\0\0\0\0\0\0\0\0sB@+7@ҡB@28Q7@HB@]NC7@7DB@czP7@\0W/PDB@D7@sB@+7@', '\0\0\0\0\0\0\0G\rB@\Z/$7@'),
(194, 'Pireas', '\0\0\0\0\0\0\0\0\0\0\0\0\0͓MkB@Eմ-7@''SJB@.67@}\\B@IM7@*jB@m<f7@=B@o7@}B@bl7@͓MkB@Eմ-7@', '\0\0\0\0\0\0\00ACB@ap7@'),
(195, 'Athina', '\0\0\0\0\0\0\0\0\0\0\0\0\0f$C@7@CC@&]7@5C@("ܐ7@\r1gC@s|j7@|}C@H7@f$C@7@', '\0\0\0\0\0\0\0~@C@_a7@'),
(196, 'Athina', '\0\0\0\0\0\0\0\0\0\0\0\0\0}C@nP7@U`%C@cɻ7@S`k0C@3`7@9}C@8NH7@s3C@J 7@}C@nP7@', '\0\0\0\0\0\0\0LmC@\0={7@'),
(197, 'Peristeri', '\0\0\0\0\0\0\0\0\0\0	\0\0\0*\0C@,7@C@pˮ7@C\n1C@/\r7@~pHC@r77@:IC@H7@rmC@87@fC@b7@HuC@-Э7@*\0C@,7@', '\0\0\0\0\0\0\0I_C@ |(7@'),
(198, 'Egaleo', '\0\0\0\0\0\0\0\0\0\0\0\0\0YB@_)ٮ7@SB@-l9ǯ7@c6B@*.m7@\027B@j7@/lFB@Ȫݮ7@YB@_)ٮ7@', '\0\0\0\0\0\0\0c~B@.Я7@'),
(199, 'Zografou', '\0\0\0\0\0\0\0\0\0\0\0\0\0,އB@eG7@QmB@S*7@-7B@~Vdn7@C/B@/Ό]7@60sB@F7@,އB@eG7@', '\0\0\0\0\0\0\0v>XB@9\n37@'),
(200, 'Moschato', '\0\0\0\0\0\0\0\0\0\0\0\0\0Oe\ZB@ބk7@3B@@s7@}B@x3r7@:vB@:7@,\\B@x姨7@upB@ƻb7@Oe\ZB@ބk7@', '\0\0\0\0\0\0\0UeB@NCTϬ7@'),
(201, 'Acharnes', '\0\0\0\0\0\0\0\0\0\0\0\0\0XqC@>S7@}y<xC@7@%teAC@S̽7@C@i]R7@rMhC@G7@-e(\rC@|v7@XqC@>S7@', '\0\0\0\0\0\0\0`C@77@'),
(202, 'Vironas', '\0\0\0\0\0\0\0\0\0\0\0\0\0lB@v7@1B@R##7@޳B@_hX<7@!,MB@?=R7@lB@v7@', '\0\0\0\0\0\0\0Z{B@7@'),
(203, 'Nikea', '\0\0\0\0\0\0\0\0\0\0\0\0\0}B@bl7@=B@o7@!IB@К7@ÊB@.''涤7@QLV4B@\n3]fY7@}B@bl7@', '\0\0\0\0\0\0\0~eB@D-7@'),
(204, 'Ag. Paraskevi', '\0\0\0\0\0\0\0\0\0\0\0\0\0]C@7@vlC@\Zd9"7@Πh\0C@&I7@FMB@Ā7@ Ʒ5zC@⁺7@]C@7@', '\0\0\0\0\0\0\0\Z]\0C@]07@'),
(205, 'Moschato', '\0\0\0\0\0\0\0\0\0\0\0\0\08NqB@K~][7@(cB@ϓ7@}B@x3r7@:vB@:7@s(yxB@9[H7@8NqB@K~][7@', '\0\0\0\0\0\0\0?aB@?C7@'),
(206, 'Kifisia', '\0\0\0\0\0\0\0\0\0\0\0\0\0xƬ\nC@$w7@f\rC@ma־7@%$C@O-f9E7@OD#_C@oҹ7@*f\rC@wi87@V݊|C@[LJ77@^Os\0C@z7@xƬ\nC@$w7@', '\0\0\0\0\0\0\0@C@hi7@'),
(207, 'Athina', '\0\0\0\0\0\0\0\0\0\0\0\0\0PB@^|i7@diB@p?7@(q+B@x[	7@MGB@IӟC7@zYdB@]7@PB@^|i7@', '\0\0\0\0\0\0\0l ]B@V@7@'),
(208, 'Athina', '\0\0\0\0\0\0\0\0\0\0\0\0\0w_\\\0C@DΥ7@l\0C@(7@uP\0C@s-7@Z6B@`#7@w_\\\0C@DΥ7@', '\0\0\0\0\0\0\0įXE\0C@(.7@'),
(209, 'Athina', '\0\0\0\0\0\0\0\0\0\0	\0\0\0[*\0C@(w67@w_\\\0C@DΥ7@Z6B@`#7@/B@`e7@RY$#B@Җ7@b_9B@dй7@m3pB@na%G7@M\\_B@|Y[7@[*\0C@(w67@', '\0\0\0\0\0\0\0)B@Zڊ7@'),
(210, 'Pireas', '\0\0\0\0\0\0\0\0\0\0\0\0\0s(yxB@9[H7@ɂB@ի7@TٌB@S7@WB]B@|Hj4Ȧ7@\n6رB@ܧݧ7@,\\B@x姨7@:vB@:7@s(yxB@9[H7@', '\0\0\0\0\0\0\0#2B@f`X7@'),
(211, 'Athina', '\0\0\0\0\0\0\0\0\0\0\0\0\0''ܭB@$=7@cB@a>ҵ7@M@B@}7@.\\B@lZd\07@y\0C@+7@Fo\0C@7@''ܭB@$=7@', '\0\0\0\0\0\0\0K6lB@*V\rܶ7@'),
(212, 'Athina', '\0\0\0\0\0\0\0\0\0\0\0\0\0B@.%7@lB@Ti4a7@|WmB@\Z`7@TmB@>Fr7@C^AB@;ƫ7@B@.%7@', '\0\0\0\0\0\0\0	.B@{ۡa7@'),
(213, 'Athina', '\0\0\0\0\0\0\0\0\0\0\0\0\0\0C@Iɳ7@^s,B@%y\r7@p!B-\\\0C@,P\rY7@$H\0C@e˳7@\0C@Iɳ7@', '\0\0\0\0\0\0\0}x #\0C@Mƴ7@'),
(214, 'Nea Filadelfia', '\0\0\0\0\0\0\0\0\0\0\0\0\0\\C@(Z97@*C@=س7@mC@H7@ߋAC@+67@.C@UIL7@\\C@(Z97@', '\0\0\0\0\0\0\0a>C@W@ջ7@'),
(215, 'Vironas', '\0\0\0\0\0\0\0\0\0\0\0\0\0AB@n4,7@w,B@1<7@ˠonB@87H7@]ZG4B@	c7@1B@R##7@޳B@_hX<7@AB@n4,7@', '\0\0\0\0\0\0\0nB@7@'),
(216, 'Athina', '\0\0\0\0\0\0\0\0\0\0\0\0\0XMYB@>%7@\Z7IB@2t-7@|4)aB@TC#7@qB@=3q7@XMYB@>%7@', '\0\0\0\0\0\0\0?8:B@f7@'),
(217, 'Zografou', '\0\0\0\0\0\0\0\0\0\0\0\0\02u֬B@ea7@tB@ʍ5*7@pB@:;x7@jtB@6qir7@2u֬B@ea7@', '\0\0\0\0\0\0\03\ZB@SK7@'),
(218, 'Artemis', '\0\0\0\0\0\0\0\0\0\0\0\0\0fB@%IKZ8@_$NlB@7@i7\0B@k}7@RlB@97@w1#rB@U3IEC@E=w>@~VWB@fB@%IKZ8@', '\0\0\0\0\0\0\0~B@_cD8@'),
(219, 'Ag. Varvara', '\0\0\0\0\0\0\0\0\0\0\0\0\0kS\0C@[7V7@B@mc7@7B@_(of7@eB@Oł 7@ON B@L7@j\0C@ cy7@kS\0C@[7V7@', '\0\0\0\0\0\0\0dB@7@'),
(220, 'Ag. Dimitrios', '\0\0\0\0\0\0\0\0\0\0\0\0\0yjB@ k΍7@{%vB@e$7@LOB@I%7@d8B@<7@uB@2">`87@yjB@ k΍7@', '\0\0\0\0\0\0\0ùB@J7@'),
(221, 'Athina', '\0\0\0\0\0\0\0\0\0\0\0\0\0`B@|"7@#B@ܑZ}7@;	B@MiC''7@\Z7IB@2t-7@|4)aB@TC#7@`B@|"7@', '\0\0\0\0\0\0\0Q|aB@W}W7@'),
(222, 'Egaleo', '\0\0\0\0\0\0\0\0\0\0	\0\0\0$B@cԫ7@T\0''B@g7@7B@_(of7@B@mc7@C@i?7@~pHC@r77@C\n1C@/\r7@_ u\0C@7@$B@cԫ7@', '\0\0\0\0\0\0\0Q\0C@X5s7@'),
(223, 'Acharnes', '\0\0\0\0\0\0\0\0\0\0\0\0\0ZoC@Lz7@6C@hH7@T\rC@ʓ|ڱ7@	C@ܨK7@ZoC@Lz7@', '\0\0\0\0\0\0\0y8\nC@CX7@'),
(224, 'Athina', '\0\0\0\0\0\0\0\0\0\0\0\0\0wF3B@Ch7@"rn\Z1B@>7@RVqyB@vA7@$jB@Z(7@0DNB@Zr7@wF3B@Ch7@', '\0\0\0\0\0\0\0~bB@/Ƽ7@'),
(225, 'Nikea', '\0\0\0\0\0\0\0\0\0\0\0\0\0*jB@m<f7@!IB@К7@=B@o7@*jB@m<f7@', '\0\0\0\0\0\0\0B@P|z7@'),
(226, 'Vironas', '\0\0\0\0\0\0\0\0\0\0\0\0\0AB@n4,7@w,B@1<7@ˠonB@87H7@]ZG4B@	c7@1B@R##7@޳B@_hX<7@AB@n4,7@', '\0\0\0\0\0\0\0nB@7@'),
(227, 'Peristeri', '\0\0\0\0\0\0\0\0\0\0\0\0\0)C@&E7@[xC@M#7@j)rC@ķ7@ܼ`\0C@7@k+H=C@QqC7@c0C@/z7@)C@&E7@', '\0\0\0\0\0\0\0%\\#C@`:۠7@'),
(228, 'Moschato', '\0\0\0\0\0\0\0\0\0\0\0\0\08NqB@K~][7@(cB@ϓ7@}B@x3r7@:vB@:7@s(yxB@9[H7@8NqB@K~][7@', '\0\0\0\0\0\0\0?aB@?C7@'),
(229, 'Athina', '\0\0\0\0\0\0\0\0\0\0\0\0\05C@("ܐ7@CC@&]7@\0wC@ESAz7@[xC@M#7@j)rC@ķ7@uP\0C@s-7@l\0C@(7@5C@("ܐ7@', '\0\0\0\0\0\0\0>C@9y7@'),
(230, 'Zografou', '\0\0\0\0\0\0\0\0\0\0\0\0\060sB@F7@C/B@/Ό]7@Mȸ(B@|:`7@?C@B@Ǹv7@7z\r-B@S]X(7@60sB@F7@', '\0\0\0\0\0\0\0 LB@\\=''o7@'),
(231, 'Nea Ionia', '\0\0\0\0\0\0\0\0\0\0\0\0\0cC@,b\Z7@-C@LhQ7@C@!7@WƈYC@kb7@	:C@-17@&C@TU7@cC@,b\Z7@', '\0\0\0\0\0\0\0V&RC@;7@'),
(232, 'Metamorfosi', '\0\0\0\0\0\0\0\0\0\0\0\0\0Hh\nC@XM7@	\nC@t7@ڪ4C@w栮7@ mz^C@m1̿7@}y<xC@7@%teAC@S̽7@ԕȏ	C@\0D7@Hh\nC@XM7@', '\0\0\0\0\0\0\0F@1C@LqUw7@'),
(233, 'Imittos', '\0\0\0\0\0\0\0\0\0\0\0\0\00DNB@Zr7@$jB@Z(7@!,MB@?=R7@޳B@_hX<7@AB@n4,7@9UB@6AUտ7@N(B@xN7@0DNB@Zr7@', '\0\0\0\0\0\0\06oB@b\r7@'),
(234, 'Athina', '\0\0\0\0\0\0\0\0\0\0\0\0\0tB@57@yB@7@P`hB@_$7@%UMB@dL7@tB@57@', '\0\0\0\0\0\0\0/PR`B@g!{7@'),
(235, 'Keratsini', '\0\0\0\0\0\0\0\0\0\0\0\0\0DmkB@87@*IB@sm7@B@gb7@T-fB@tf7@DmkB@87@', '\0\0\0\0\0\0\0-W?6B@''7@'),
(236, 'Ilion', '\0\0\0\0\0\0\0\0\0\0	\0\0\0t^C@u޴7@lFC@B7@Bi$C@}WC>7@)OC@޲/K7@C@fD7@UC@QMR7@xC@7@{{C@|\Z7@t^C@u޴7@', '\0\0\0\0\0\0\0Ң>C@;%87@'),
(237, 'Athina', '\0\0\0\0\0\0\0\0\0\0\0\0\0ʌB@u_7@h0/B@ض7@w*B@r~\07@?rXB@è$7@}hB@>k꼷7@ʌB@u_7@', '\0\0\0\0\0\0\0fOB@n0a7@'),
(238, 'Chaidari', '\0\0\0\0\0\0\0\0\0\0\0\0\0~pHC@r77@C@i?7@(X<C@7@:IC@H7@~pHC@r77@', '\0\0\0\0\0\0\0:A>C@fש7@'),
(239, 'Athina', '\0\0\0\0\0\0\0\0\0\0\0\0\0emB@7@:*FB@vRf7@vB@6qѲ7@]''B@M}7@w+B@0a7@ZbB@u77@emB@7@', '\0\0\0\0\0\0\0&2B@bHN&n7@'),
(240, 'Athina', '\0\0\0\0\0\0\0\0\0\0\0\0\0wF3B@Ch7@"rn\Z1B@>7@ҡB@28Q7@sB@+7@?r,B@q_SL7@wF3B@Ch7@', '\0\0\0\0\0\0\0ͯ\0B@L*7@'),
(241, 'Paleo Faliro', '\0\0\0\0\0\0\0\0\0\0\0\0\0''XB@,\0`Q^7@~3jB@L5p7@\rB@wK7@[L^B@ڹ7@{%vB@e$7@yjB@ k΍7@''XB@,\0`Q^7@', '\0\0\0\0\0\0\0!B@/7@'),
(242, 'Elliniko', '\0\0\0\0\0\0\0\0\0\0\0\0\0#B@دur7@B@A@@7@_vB@.Xo7@WjB@/U7@Q\rB@#7@][wB@E!7@#B@دur7@', '\0\0\0\0\0\0\0B@\Z27@'),
(243, 'Athina', '\0\0\0\0\0\0\0\0\0\0\0\0\0d6/8C@Ù7@[*\0C@(w67@w_\\\0C@DΥ7@l\0C@(7@5C@("ܐ7@\r1gC@s|j7@phNC@>\\鈽7@d6/8C@Ù7@', '\0\0\0\0\0\0\0C@cJ!7@'),
(244, 'Ilioupoli', '\0\0\0\0\0\0\0\0\0\0\0\0\0DȄB@l7@oB@rX7@-HB@CrW7@tF}B@+`V7@<\r+B@"c?7@Na8B@h2V7@ȉ%B@l 7@DȄB@l7@', '\0\0\0\0\0\0\0o}UB@7@'),
(245, 'Argiroupoli', '\0\0\0\0\0\0\0\0\0\0\0\0\0vB@ ½7@KB@n)7@_vB@.Xo7@B@A@@7@-HB@CrW7@oB@rX7@vB@ ½7@', '\0\0\0\0\0\0\0Ly B@X歺7@'),
(246, 'Vironas', '\0\0\0\0\0\0\0\0\0\0\0\0\0?C@B@Ǹv7@>B@ؽ=7@]ZG4B@	c7@ˠonB@87H7@t@B@Y7@Mȸ(B@|:`7@?C@B@Ǹv7@', '\0\0\0\0\0\0\0ĭB@S\07@'),
(247, 'Glifada', '\0\0\0\0\0\0\0\0\0\0	\0\0\05Z\\B@jA47@tF}B@+`V7@<\r+B@"c?7@,;B@GR*W7@KaUiB@x\\P7@iGB@\r+z7@~?UB@X.''7@,=B@/YUj7@5Z\\B@jA47@', '\0\0\0\0\0\0\0I,|}B@\0&7@'),
(248, 'Ilioupoli', '\0\0\0\0\0\0\0\0\0\0\0\0\0DȄB@l7@oB@rX7@vB@ ½7@B@Z"7@>ݐB@c''"Q7@DȄB@l7@', '\0\0\0\0\0\0\0\0l@B@07@'),
(249, 'Kallithea', '\0\0\0\0\0\0\0\0\0\0\0\0\0B@mXx7@ϸȳB@\n57@SB@>7@3B@@s7@Oe\ZB@ބk7@B@mXx7@', '\0\0\0\0\0\0\0$>wB@QF\\7@'),
(250, 'Nea Ionia', '\0\0\0\0\0\0\0\0\0\0	\0\0\0SC@HGZ7@vv8C@Vn7@7C@q#7@cC@,b\Z7@&C@TU7@GC@a#7@sC@Ge7@\n歏NC@\0\n7@SC@HGZ7@', '\0\0\0\0\0\0\04M~2C@s]7@'),
(251, 'Nikea', '\0\0\0\0\0\0\0\0\0\0\0\0\0͓MkB@Eմ-7@WB]B@|Hj4Ȧ7@TٌB@S7@8B@NY{7@QLV4B@\n3]fY7@}B@bl7@͓MkB@Eմ-7@', '\0\0\0\0\0\0\0g!{B@2喦7@');
INSERT INTO `region` (`region_id`, `name`, `bounds`, `center`) VALUES
(252, 'Chaidari', '\0\0\0\0\0\0\0\0\0\0	\0\0\0rmC@87@lٔC@RW7@HC@f:x7@C@Gܛ7@j\0C@ cy7@kS\0C@[7V7@(X<C@7@:IC@H7@rmC@87@', '\0\0\0\0\0\0\0W@C@%Z7@'),
(253, 'Koridallos', '\0\0\0\0\0\0\0\0\0\0\n\0\0\0нB@Ī7@<bB@-,7@Ʊ9B@+17@)SB@@ɏۧ7@eB@Oł 7@7B@_(of7@T\0''B@g7@/*B@G\nӴ7@B@~,ڪ7@нB@Ī7@', '\0\0\0\0\0\0\0QB@*s7@'),
(254, 'Athina', '\0\0\0\0\0\0\0\0\0\0\n\0\0\0$jB@Z(7@!,MB@?=R7@lB@v7@8(h''B@$F07@%UMB@dL7@tB@57@bB@7@''B@ߖ7@RVqyB@vA7@$jB@Z(7@', '\0\0\0\0\0\0\0J"B@k$	7@'),
(255, 'Athina', '\0\0\0\0\0\0\0\0\0\0\0\0\0RVqyB@vA7@''B@ߖ7@eNZEB@/Uc7@B@}ӹ7@HB@]NC7@ҡB@28Q7@"rn\Z1B@>7@RVqyB@vA7@', '\0\0\0\0\0\0\0J\n,)B@s]7@'),
(256, 'Athina', '\0\0\0\0\0\0\0\0\0\0\0\0\0ms\ZB@\0\0{7@BIB@£׷7@\n\rB@/7@B@}ӹ7@HB@]NC7@7DB@czP7@r~B@K?7@ms\ZB@\0\0{7@', '\0\0\0\0\0\0\0q@B@].;7@'),
(257, 'Athina', '\0\0\0\0\0\0\0\0\0\0\0\0\0}hB@>k꼷7@?rXB@è$7@}~\nҴB@fP7@Wf͵B@h7@B@>Z7@fB@_(N7@)B@bf7@z2>B@4,7@d3hB@=7@31B@iU7@}hB@>k꼷7@', '\0\0\0\0\0\0\00eB@5Ea7@'),
(258, 'Athina', '\0\0\0\0\0\0\0\0\0\0\0\0\0e+}\Z/B@$hm7@BIB@£׷7@\n\rB@/7@FB@*7@e+}\Z/B@$hm7@', '\0\0\0\0\0\0\0?B@z7@'),
(259, 'Nikea', '\0\0\0\0\0\0\0\0\0\0\n\0\0\0j\0C@ cy7@ON B@L7@PFB@J7@*IB@sm7@B@gb7@E\ZOB@VS7@-ː`C@$\Z7@G׌C@Wc 7@C@Gܛ7@j\0C@ cy7@', '\0\0\0\0\0\0\0؂CB@6Ea7@'),
(260, 'Ag. Dimitrios', '\0\0\0\0\0\0\0\0\0\0\n\0\0\0~iTB@.)7@3hB@lunX7@d8B@<7@LOB@I%7@I1]B@7@ϬnB@ĜH17@B@6;7@B@m@7@XFB@t'']7@~iTB@.)7@', '\0\0\0\0\0\0\0BB@xn7@'),
(261, 'Marousi', '\0\0\0\0\0\0\0\0\0\0\0\0\0]EC@t1"7@EsIC@%6?7@`_I;C@a\ZY7@h C@$:7@C@Al7@\\C@z7@gAC@;l5"7@]EC@t1"7@', '\0\0\0\0\0\0\0//>C@:Y7@'),
(262, 'Acharnes', '\0\0\0\0\0\0\0\0\0\0\0\0\0ZoC@Lz7@	C@ܨK7@ԕȏ	C@\0D7@Hh\nC@XM7@΍eC@	*v7@ZoC@Lz7@', '\0\0\0\0\0\0\0,zC@7@'),
(263, 'Kallithea', '\0\0\0\0\0\0\0\0\0\0\0\0\0)VB@A;7@ϸȳB@\n57@SB@>7@]ZmB@xX7@\r[$B@|7@ZI*B@777@)VB@A;7@', '\0\0\0\0\0\0\0S{FB@)"ò7@'),
(264, 'Drosia', '\0\0\0\0\0\0\0\0\0\0\0\0\07(3	C@\07@>C@7@3ȥC@P7@*f\rC@wi87@OD#_C@oҹ7@H+/C@&B(D''8@7(3	C@\07@', '\0\0\0\0\0\0\0TC@t7@'),
(265, 'Zefiri', '\0\0\0\0\0\0\0\0\0\0	\0\0\0ֶ_\nC@&@cʭ7@,RZ C@0(7@\rM|C@7@6C@hH7@T\rC@ʓ|ڱ7@C@i]R7@rMhC@G7@lԩC@]D7@ֶ_\nC@&@cʭ7@', '\0\0\0\0\0\0\0HmC@䠄7@');

-- --------------------------------------------------------

--
-- Table structure for table `route`
--

CREATE TABLE IF NOT EXISTS `route` (
`route_id` int(11) NOT NULL,
  `start_region_id` int(11) NOT NULL,
  `end_region_id` int(11) NOT NULL,
  `stops` linestring DEFAULT NULL,
  `tmstmp` varchar(120) NOT NULL,
  `user_id` int(11) NOT NULL
) ENGINE=InnoDB  DEFAULT CHARSET=utf8 AUTO_INCREMENT=14 ;

--
-- Dumping data for table `route`
--

INSERT INTO `route` (`route_id`, `start_region_id`, `end_region_id`, `stops`, `tmstmp`, `user_id`) VALUES
(6, 5, 25, NULL, '123', 1),
(7, 30, 100, NULL, '', 2),
(9, 10, 15, NULL, '19/7/2015', 2),
(11, 15, 20, NULL, '19/7/2015', 2),
(13, 71, 170, NULL, '19/7/2015', 2);

-- --------------------------------------------------------

--
-- Table structure for table `route_votes`
--

CREATE TABLE IF NOT EXISTS `route_votes` (
`route_votes_id` int(11) NOT NULL,
  `route_id` int(11) NOT NULL,
  `vote_status` int(11) NOT NULL,
  `user_id` int(11) NOT NULL
) ENGINE=InnoDB  DEFAULT CHARSET=utf8 AUTO_INCREMENT=7 ;

--
-- Dumping data for table `route_votes`
--

INSERT INTO `route_votes` (`route_votes_id`, `route_id`, `vote_status`, `user_id`) VALUES
(2, 6, 1, 1),
(5, 6, -1, 2),
(6, 13, 1, 2);

-- --------------------------------------------------------

--
-- Table structure for table `user`
--

CREATE TABLE IF NOT EXISTS `user` (
`user_id` int(11) NOT NULL,
  `name` varchar(120) NOT NULL,
  `surname` varchar(120) NOT NULL,
  `username` varchar(120) NOT NULL,
  `password` varchar(120) NOT NULL,
  `email` varchar(120) NOT NULL,
  `fb_id` varchar(120) NOT NULL
) ENGINE=InnoDB  DEFAULT CHARSET=utf8 AUTO_INCREMENT=3 ;

--
-- Dumping data for table `user`
--

INSERT INTO `user` (`user_id`, `name`, `surname`, `username`, `password`, `email`, `fb_id`) VALUES
(1, 'dimitris', 'papavasiliou', 'dimpapavas', 'dimpapavas', 'dimpapavas@123.com', '2312'),
(2, 'test', 'user', 'test user', '1234', 'a@b.c', '1233');

--
-- Indexes for dumped tables
--

--
-- Indexes for table `comments`
--
ALTER TABLE `comments`
 ADD PRIMARY KEY (`comment_id`), ADD KEY `user_id` (`user_id`);

--
-- Indexes for table `comments_votes`
--
ALTER TABLE `comments_votes`
 ADD PRIMARY KEY (`comment_vote_id`), ADD KEY `comment_id` (`comment_id`), ADD KEY `user_id` (`user_id`);

--
-- Indexes for table `region`
--
ALTER TABLE `region`
 ADD PRIMARY KEY (`region_id`);

--
-- Indexes for table `route`
--
ALTER TABLE `route`
 ADD PRIMARY KEY (`route_id`), ADD KEY `start_region_id` (`start_region_id`), ADD KEY `end_region_id` (`end_region_id`), ADD KEY `user_id` (`user_id`);

--
-- Indexes for table `route_votes`
--
ALTER TABLE `route_votes`
 ADD PRIMARY KEY (`route_votes_id`), ADD KEY `user_id` (`user_id`), ADD KEY `route_votes_ibfk_1` (`route_id`);

--
-- Indexes for table `user`
--
ALTER TABLE `user`
 ADD PRIMARY KEY (`user_id`);

--
-- AUTO_INCREMENT for dumped tables
--

--
-- AUTO_INCREMENT for table `comments`
--
ALTER TABLE `comments`
MODIFY `comment_id` int(11) NOT NULL AUTO_INCREMENT,AUTO_INCREMENT=11;
--
-- AUTO_INCREMENT for table `comments_votes`
--
ALTER TABLE `comments_votes`
MODIFY `comment_vote_id` int(11) NOT NULL AUTO_INCREMENT;
--
-- AUTO_INCREMENT for table `region`
--
ALTER TABLE `region`
MODIFY `region_id` int(11) NOT NULL AUTO_INCREMENT,AUTO_INCREMENT=266;
--
-- AUTO_INCREMENT for table `route`
--
ALTER TABLE `route`
MODIFY `route_id` int(11) NOT NULL AUTO_INCREMENT,AUTO_INCREMENT=14;
--
-- AUTO_INCREMENT for table `route_votes`
--
ALTER TABLE `route_votes`
MODIFY `route_votes_id` int(11) NOT NULL AUTO_INCREMENT,AUTO_INCREMENT=7;
--
-- AUTO_INCREMENT for table `user`
--
ALTER TABLE `user`
MODIFY `user_id` int(11) NOT NULL AUTO_INCREMENT,AUTO_INCREMENT=3;
--
-- Constraints for dumped tables
--

--
-- Constraints for table `comments`
--
ALTER TABLE `comments`
ADD CONSTRAINT `comments_ibfk_1` FOREIGN KEY (`user_id`) REFERENCES `user` (`user_id`);

--
-- Constraints for table `comments_votes`
--
ALTER TABLE `comments_votes`
ADD CONSTRAINT `comments_votes_ibfk_1` FOREIGN KEY (`comment_id`) REFERENCES `comments` (`comment_id`),
ADD CONSTRAINT `comments_votes_ibfk_2` FOREIGN KEY (`user_id`) REFERENCES `user` (`user_id`);

--
-- Constraints for table `route`
--
ALTER TABLE `route`
ADD CONSTRAINT `route_ibfk_1` FOREIGN KEY (`start_region_id`) REFERENCES `region` (`region_id`),
ADD CONSTRAINT `route_ibfk_2` FOREIGN KEY (`end_region_id`) REFERENCES `region` (`region_id`),
ADD CONSTRAINT `route_ibfk_3` FOREIGN KEY (`user_id`) REFERENCES `user` (`user_id`);

--
-- Constraints for table `route_votes`
--
ALTER TABLE `route_votes`
ADD CONSTRAINT `route_votes_ibfk_1` FOREIGN KEY (`route_id`) REFERENCES `route` (`route_id`),
ADD CONSTRAINT `route_votes_ibfk_2` FOREIGN KEY (`user_id`) REFERENCES `user` (`user_id`);

/*!40101 SET CHARACTER_SET_CLIENT=@OLD_CHARACTER_SET_CLIENT */;
/*!40101 SET CHARACTER_SET_RESULTS=@OLD_CHARACTER_SET_RESULTS */;
/*!40101 SET COLLATION_CONNECTION=@OLD_COLLATION_CONNECTION */;
